IDfg,Season,Name,Age,wOBA_proj,wOBA_proj_lower,wOBA_proj_upper,wOBA_marcel,wOBA_actual_2024,Team,error
2136,2024,David Peralta,36,0.32543490904967676,0.2767866918795099,0.373564783329425,0.304840980773399,0.329,SDP,0.0035650909503232575
2396,2024,Carlos Santana,38,0.3191280285951429,0.2714922207726899,0.36630516772975413,0.30772972890920314,0.326,MIN,0.0068719714048571245
2967,2024,Tommy Pham,36,0.35008862693947296,0.3015834208775525,0.39854470716806345,0.31139608930632284,0.297,- - -,0.05308862693947297
3473,2024,Anthony Rizzo,34,0.34779201759650286,0.3005994971639433,0.3951951419135223,0.3195032011003145,0.285,NYY,0.06279201759650288
4940,2024,Jason Heyward,34,0.3356021854122694,0.28833412879901776,0.38196301348639183,0.306402049117449,0.3,- - -,0.035602185412269394
4949,2024,Giancarlo Stanton,34,0.36047606732832765,0.3127324257925019,0.4075553089368328,0.3165112940842627,0.33,NYY,0.03047606732832764
5235,2024,Justin Turner,39,0.341458100460051,0.2936757729548601,0.38802361807457963,0.32805001232459596,0.327,- - -,0.014458100460050971
5254,2024,Robbie Grossman,34,0.3536010682640393,0.305787981761754,0.400683578701717,0.3097545871200035,0.283,- - -,0.070601068264039335
5297,2024,Aaron Hicks,34,0.28175552330550424,0.23383338937959425,0.32975056785494894,0.3044776236840091,0.196,LAA,0.08575552330550423
5343,2024,Brandon Crawford,37,0.2899982586932853,0.24214145665678838,0.33730379888541445,0.3062069150877039,0.248,STL,0.04199825869328533
5361,2024,Freddie Freeman,34,0.37901849268782634,0.33070589053403204,0.42552476448394405,0.35886553006799393,0.365,LAD,0.014018492687826345
5417,2024,Jose Altuve,34,0.35140174238393185,0.30447271863415515,0.39748991968902686,0.3461184535417885,0.344,HOU,0.007401742383931875
5517,2024,Kyle Higashioka,34,0.3196375881391516,0.268603469097325,0.36986646705290704,0.29793437674447365,0.314,SDP,0.005637588139151606
5760,2024,Avisail Garcia,33,0.3437090065737652,0.2961854838188336,0.3909223417539443,0.2995047104002598,0.274,MIA,0.06970900657376516
5827,2024,Wilmer Flores,32,0.3347360834051923,0.2873322342824242,0.38153895045884445,0.321436535858737,0.262,SFG,0.07273608340519228
6184,2024,J.D. Martinez,36,0.40943389361106713,0.36170313269610255,0.4561413290380118,0.33304209825124564,0.318,NYM,0.09143389361106713
6887,2024,Martin Maldonado,37,0.3033359274466374,0.25622650653461904,0.35044871440931097,0.2859381347676725,0.181,CHW,0.1223359274466374
7304,2024,Salvador Perez,34,0.331293798643834,0.284291887327944,0.3782627525581049,0.31527544276487146,0.335,KCR,0.0037062013561660057
7739,2024,Travis d'Arnaud,35,0.32541145162647483,0.2771151407615479,0.37274729577161264,0.30891705779563594,0.319,ATL,0.006411451626474829
7802,2024,Miguel Rojas,35,0.31133992669403626,0.2630540881322753,0.35888247134873436,0.29284010616766554,0.327,LAD,0.01566007330596375
7859,2024,Charlie Blackmon,37,0.3543098197170751,0.30654079350385477,0.4011750264587375,0.31881735785105725,0.323,COL,0.03130981971707508
8090,2024,Matt Carpenter,38,0.30459554385418236,0.25676501145797687,0.3517451052056432,0.3117345684504854,0.303,STL,0.0015955438541823685
8623,2024,Donovan Solano,36,0.3281519644703445,0.2796447809240802,0.37690826929223575,0.31499480312239014,0.333,SDP,0.004848035529655514
9218,2024,Paul Goldschmidt,36,0.36928498379544117,0.32164037152084374,0.4162299818398912,0.3465808677330603,0.31,STL,0.05928498379544117
9241,2024,Starling Marte,35,0.3108060819222884,0.26312487594938627,0.3583714465296791,0.317955213708903,0.313,NYM,0.0021939180777115763
9627,2024,Yan Gomes,36,0.30118015827358985,0.25338809003317847,0.34838440218321276,0.30248816387178123,0.184,CHC,0.11718015827358985
9774,2024,Christian Vazquez,33,0.29084296693066636,0.24246631769000823,0.33883110153265766,0.29676043575974964,0.25,MIN,0.04084296693066636
9777,2024,Nolan Arenado,33,0.354226146296686,0.30671656839001116,0.4017952215948455,0.3281799580348917,0.314,STL,0.04022614629668597
9847,2024,Andrew McCutchen,37,0.3220601388890615,0.2750593094727352,0.36854811414254923,0.31727925938089585,0.325,PIT,0.002939861110938524
9874,2024,DJ LeMahieu,35,0.3313356601733744,0.2832725856559601,0.3786572455088884,0.3124404801971835,0.239,NYY,0.09233566017337441
10028,2024,Christian Bethancourt,32,0.2982414083588444,0.24845867398418942,0.3475917295894911,0.29625520765410396,0.263,- - -,0.03524140835884437
10155,2024,Mike Trout,32,0.41438053977214345,0.3671146638528925,0.4612481568985281,0.34275283533224865,0.365,LAA,0.04938053977214346
10200,2024,Tucker Barnhart,33,0.23275990326085724,0.18470588746708874,0.2809811271506916,0.29236099054828435,0.239,ARI,0.0062400967391427475
10243,2024,Randal Grichuk,32,0.3335563151528571,0.28540643992467957,0.38138170027076473,0.3112080290993548,0.373,ARI,0.03944368484714289
10324,2024,Marcell Ozuna,33,0.3580855739535709,0.3102988382030355,0.40553923103100536,0.32100749873146717,0.395,ATL,0.03691442604642914
10441,2024,Jon Singleton,32,0.2647846840534735,0.21252566330749392,0.31630024104527416,0.2960356336189017,0.312,HOU,0.047215315946526504
10472,2024,Enrique Hernandez,32,0.28099239287160677,0.2330799062827292,0.32878639825529277,0.3011904071577783,0.285,LAD,0.004007607128393209
10681,2024,Gio Urshela,32,0.2882628781667376,0.2381570363037252,0.3369875175345886,0.3110422173746532,0.281,- - -,0.007262878166737596
10815,2024,Jurickson Profar,31,0.3165021887137257,0.2683568306262884,0.3636754005096612,0.30639670466762087,0.365,SDP,0.048497811286274284
10950,2024,Adam Duvall,35,0.3454120110644351,0.2976286801471416,0.39278573560931307,0.31351769122600925,0.252,ATL,0.09341201106443509
11038,2024,Kevin Kiermaier,34,0.2862259343427472,0.238009678967468,0.3335015900432463,0.30650502483159636,0.241,- - -,0.04522593434274719
11281,2024,Whit Merrifield,35,0.30065198550738637,0.25100158199517875,0.34969544501701,0.30278107406632343,0.283,- - -,0.017651985507386392
11368,2024,Yasmani Grandal,35,0.3035717656380098,0.2567543852122392,0.35090006372508303,0.30566403486999777,0.308,PIT,0.004428234361990191
11442,2024,Gary Sanchez,31,0.3433940053700284,0.2941277271557857,0.39206098917603555,0.3061066009769621,0.307,MIL,0.036394005370028404
11445,2024,Mark Canha,35,0.3179687816219621,0.26879905581111674,0.3661385011274479,0.32115894384031857,0.31,- - -,0.007968781621962129
11477,2024,Christian Yelich,32,0.36408083017011844,0.3161400720849821,0.41259889636125235,0.3227153820489175,0.391,MIL,0.026919169829881573
11489,2024,Michael A. Taylor,33,0.3094019995184833,0.26088206485983884,0.3574989455911245,0.30114480811306304,0.242,PIT,0.0674019995184833
11493,2024,Manny Machado,31,0.3510049481812483,0.3038241376993552,0.3983708448528523,0.3322841690620127,0.34,SDP,0.011004948181248253
11579,2024,Bryce Harper,31,0.3973734827872186,0.3498392072184689,0.44440785515076836,0.3498903475279128,0.38,PHI,0.01737348278721862
11609,2024,Willson Contreras,32,0.39106774936824334,0.342182841046631,0.43951753795494153,0.3280915858385496,0.37,STL,0.02106774936824335
11615,2024,Brandon Drury,31,0.3326706537522255,0.28474002034331514,0.38043059694677017,0.3215520946038975,0.217,LAA,0.11567065375222549
11680,2024,Elias Diaz,33,0.3489713449646831,0.2989442933911184,0.3981665146582933,0.3063061961200018,0.303,- - -,0.04597134496468308
11737,2024,Nick Castellanos,32,0.34127292775089735,0.293645442920353,0.388601647825751,0.32325771894041544,0.321,PHI,0.02027292775089734
11739,2024,J.T. Realmuto,33,0.3418193429433981,0.29294592294391586,0.3902313813658192,0.3214776484666083,0.326,PHI,0.015819342943398096
11899,2024,Joc Pederson,32,0.36932636605093383,0.32108608732644284,0.4168009981583266,0.32129391596369095,0.391,ARI,0.021673633949066184
12005,2024,Nick Martini,34,0.3556413766918318,0.30454593210333725,0.4060233338233822,0.31191622796827523,0.279,CIN,0.0766413766918318
12037,2024,Jon Berti,34,0.27886936613148766,0.224417446432181,0.3325242010710599,0.3057281025193408,0.3,NYY,0.021130633868512327
12144,2024,Max Kepler,31,0.3512843214564264,0.30268493892302717,0.3996824822643382,0.3130745395460683,0.298,MIN,0.05328432145642642
12147,2024,Nick Ahmed,34,0.29529857451492986,0.24683758502682973,0.342644137199222,0.29068759050428017,0.248,- - -,0.04729857451492986
12155,2024,Eddie Rosario,32,0.33251576889889956,0.2837307128158031,0.3800690370370711,0.3051992964436384,0.23,- - -,0.10251576889889955
12158,2024,Austin Barnes,34,0.2766487900542585,0.2273078847744572,0.32584026007908073,0.2949127548436683,0.289,LAD,0.01235120994574146
12161,2024,Xander Bogaerts,31,0.3359472738764677,0.2874368555807185,0.38366039329164753,0.3328887323062692,0.3,SDP,0.035947273876467734
12434,2024,Kevin Pillar,35,0.34046372658080276,0.2924716120545701,0.3877838434932138,0.3031059664515338,0.293,- - -,0.04746372658080278
12510,2024,Curt Casali,35,0.3021253785283448,0.25382398667721695,0.35010876072085556,0.2977866559775761,0.254,SFG,0.04812537852834481
12533,2024,Marcus Semien,33,0.36124339285818785,0.313317239876337,0.40871095818167247,0.32867610132544206,0.306,TEX,0.055243392858187856
12552,2024,Eugenio Suarez,32,0.34824208472747337,0.2995124598336976,0.3962768023648127,0.31392084497937656,0.337,ARI,0.011242084727473345
12564,2024,Trevor Story,31,0.3159317146408089,0.26674271682886264,0.36561513658143846,0.3081737167365095,0.318,BOS,0.0020682853591911243
12856,2024,George Springer,34,0.3518170782999141,0.3034286285851613,0.3997854790399139,0.3228876234977114,0.298,TOR,0.05381707829991411
12859,2024,James McCann,34,0.28676135380679213,0.2383374596734969,0.3354758940760747,0.29242609681335596,0.288,BAL,0.0012386461932078485
12861,2024,Anthony Rendon,34,0.32500649665331127,0.2768559839536053,0.3729395286204395,0.3065468703890349,0.264,LAA,0.06100649665331126
12916,2024,Francisco Lindor,30,0.36314724676652266,0.3140375786596817,0.41123736317272064,0.32360440931526296,0.363,NYM,1.4724676652266844e-4
12927,2024,Brandon Nimmo,31,0.38188291930998075,0.3327762221233313,0.4304173213680833,0.33332979397758666,0.321,NYM,0.06088291930998074
12976,2024,Austin Hedges,31,0.2679190881174497,0.2194555556979584,0.31606278563945367,0.27369373257886764,0.191,CLE,0.07691908811744969
12979,2024,Javier Baez,31,0.30333716509409703,0.2552763562338154,0.3514004175434998,0.2976363098707493,0.224,DET,0.07933716509409702
13066,2024,Teoscar Hernandez,31,0.3655839719529308,0.316374928870911,0.41426749750175995,0.32311782995043503,0.36,LAD,0.005583971952930811
13145,2024,Josh Bell,31,0.33673825684274633,0.28797027341196885,0.3848723430530757,0.3223001061203738,0.317,- - -,0.019738256842746327
13152,2024,Jorge Polanco,30,0.3450404496405399,0.2966348739566225,0.39345256437298026,0.322162207219089,0.287,SEA,0.05804044964053995
13185,2024,Orlando Arcia,29,0.31354214375274087,0.2641870452252991,0.3625476097660246,0.3084399746067276,0.273,ATL,0.040542143752740845
13301,2024,Max Muncy,33,0.3628038808841634,0.31347914290459394,0.41224316059377064,0.3258451343989507,0.362,LAD,8.038808841633882e-4
13324,2024,Ildemaro Vargas,32,0.26622694136213987,0.21126354370523315,0.3202090983685427,0.29903537952519005,0.271,WSN,0.00477305863786015
13338,2024,Omar Narvaez,32,0.3510561669263193,0.30187558150028593,0.3994772672326862,0.29841890441258334,0.171,NYM,0.1800561669263193
13355,2024,Luke Maile,33,0.2893367799395853,0.2400707279488098,0.3378297398298074,0.29722978338026784,0.241,CIN,0.048336779939585295
13419,2024,Christian Walker,33,0.3315366044984435,0.28040541727156687,0.38199061889604674,0.323942320520001,0.343,ARI,0.011463395501556506
13510,2024,Jose Ramirez,31,0.3664647415349306,0.3181298875369677,0.41481921165645563,0.3349758083662192,0.364,CLE,0.0024647415349305923
13590,2024,Jesse Winker,30,0.32714425366409056,0.27754362552604656,0.376479716271678,0.3167247164240085,0.338,- - -,0.010855746335909466
13602,2024,Patrick Wisdom,32,0.36378638299662114,0.3082845608705221,0.4181419659360806,0.31507102679778565,0.271,CHC,0.09278638299662112
13611,2024,Mookie Betts,31,0.41681687041281745,0.36854892616551505,0.46323412048215695,0.35236580435924747,0.371,LAD,0.045816870412817456
13613,2024,Ketel Marte,30,0.3767634889176493,0.3285158636022316,0.42452883594579793,0.3278475046287006,0.391,ARI,0.014236511082350689
13620,2024,Carson Kelly,29,0.27744890998162447,0.2263894508576637,0.32857028075503253,0.2982938325864539,0.304,- - -,0.026551090018375523
13621,2024,Jeimer Candelario,30,0.3078102590842967,0.2579123417828199,0.35748580094710714,0.315702435833222,0.304,CIN,0.0038102590842967188
13624,2024,Corey Seager,30,0.4121007106597564,0.3637581212544677,0.45991166386368876,0.3423142354459907,0.365,TEX,0.047100710659756406
13675,2024,Tyrone Taylor,30,0.32837667312065905,0.2736197602033177,0.3814870945294127,0.30805443335253474,0.304,NYM,0.024376673120659054
13723,2024,Jacob Stallings,34,0.2810765161380376,0.22658476093268728,0.3341101567267741,0.2925515391382667,0.353,COL,0.0719234838619624
13755,2024,Tomas Nido,30,0.18547711677917836,0.13414327587509867,0.2359483300206137,0.28787350331986084,0.231,- - -,0.04552288322082165
13757,2024,Chris Taylor,33,0.3047778334613603,0.25646663645304996,0.35261730668854213,0.31167236402355714,0.272,LAD,0.03277783346136026
13768,2024,Travis Jankowski,33,0.2874194669518645,0.23860295053865668,0.33587690526233,0.3035266965161424,0.234,TEX,0.053419466951864475
13770,2024,Rob Refsnyder,33,0.29312300526528695,0.2428573524321503,0.3422703274433973,0.3114910386109204,0.358,BOS,0.06487699473471303
14111,2024,Eric Haase,31,0.28285120124763136,0.2280665426878988,0.33551749277810244,0.29757858687713146,0.35,MIL,0.06714879875236862
14128,2024,Joey Gallo,30,0.3391515341017293,0.29046387070086155,0.3873191078130463,0.31137154405356127,0.276,WSN,0.0631515341017293
14130,2024,Daniel Vogelbach,31,0.3508720599806006,0.2992095891337927,0.4011451588043464,0.3173518589621682,0.262,TOR,0.0888720599806006
14161,2024,Byron Buxton,30,0.33186362494072763,0.28251627642651694,0.3797059195917816,0.3217896500706243,0.366,MIN,0.03413637505927236
14162,2024,Carlos Correa,29,0.3565051793825401,0.30767003934978465,0.4047967897880422,0.32442331801632535,0.385,MIN,0.028494820617459893
14221,2024,Jorge Soler,32,0.3646640401952435,0.3163119218817389,0.4124033993317857,0.3209996771530643,0.34,- - -,0.024664040195243486
14274,2024,Mitch Haniger,33,0.35345169260769205,0.3042290208300768,0.4024847963379589,0.3098818125804288,0.277,SEA,0.07645169260769202
14344,2024,Matt Olson,30,0.37711319332532434,0.3276336729650872,0.4257166665418384,0.34948997634502166,0.339,ATL,0.03811319332532431
14366,2024,Joey Meneses,32,0.3178607479537476,0.2629384275027093,0.3712824552004979,0.3147636736112364,0.264,WSN,0.05386074795374757
14387,2024,Harold Ramirez,29,0.3009971740478899,0.245770325201251,0.35425861327033287,0.3163736181803191,0.265,- - -,0.03599717404788988
14477,2024,Jake Cave,31,0.30316873576757,0.25207953007268347,0.35368754504432154,0.293917346279655,0.295,COL,0.00816873576756999
14551,2024,Anthony Santander,29,0.3682271614528237,0.31700082766417265,0.4188883672783422,0.3194441113167935,0.345,BAL,0.02322716145282372
14712,2024,Manuel Margot,29,0.3118028203628608,0.26159692347916086,0.3611131952180218,0.3034965782761625,0.276,MIN,0.035802820362860754
14813,2024,Kyle Farmer,33,0.31336127835166655,0.26192857229978567,0.36459941439920207,0.30868868775099556,0.285,MIN,0.028361278351666575
14854,2024,Mike Yastrzemski,33,0.32743032700720087,0.2724046855855962,0.38086907471559683,0.31251618110970114,0.319,SFG,0.008430327007200866
14968,2024,Victor Caratini,30,0.303212263481001,0.25308923706222697,0.3527181458650251,0.29952108636604347,0.324,HOU,0.02078773651899901
15112,2024,Ryan McMahon,29,0.3716960850554477,0.3214397380250033,0.4221491087851034,0.3170179731834484,0.315,COL,0.05669608505544771
15161,2024,Mitch Garver,33,0.3680943684856817,0.31781260730365907,0.41778771718557134,0.3224313661868381,0.281,SEA,0.0870943684856817
15172,2024,Tim Anderson,31,0.2995656802468137,0.24985632253405465,0.34827593578782223,0.3023481689668508,0.208,MIA,0.09156568024681369
15194,2024,Jake Bauers,28,0.33767864837047373,0.2855722868299295,0.3893049854413132,0.29599620183028275,0.294,MIL,0.04367864837047375
15223,2024,Adam Frazier,32,0.3145345682711296,0.26539875850837374,0.3640053464940781,0.30365367998577175,0.261,KCR,0.05353456827112957
15274,2024,Mike Tauchman,33,0.2958501296658971,0.24095128302467664,0.3501193986260581,0.3054691978948905,0.325,CHC,0.029149870334102934
15279,2024,Garrett Cooper,33,0.3164588296159389,0.26205080391255475,0.3699682280549499,0.314582371058838,0.253,- - -,0.0634588296159389
15362,2024,Jeff McNeil,32,0.30019969747609127,0.247381293303617,0.3517380274267163,0.31730343746536493,0.304,NYM,0.0038003025239087274
15429,2024,Kris Bryant,32,0.3619242315664896,0.31268731688867896,0.41000146377877844,0.31799401197396243,0.287,COL,0.07492423156648964
15464,2024,Hunter Renfroe,32,0.30292901222634094,0.25265899577686174,0.3531093105810344,0.31765390318489817,0.302,KCR,9.290122263409528e-4
15491,2024,J.P. Crawford,29,0.3442537379458622,0.2944740216769774,0.39380945078617513,0.3188603827038049,0.283,SEA,0.06125373794586225
15518,2024,Amed Rosario,28,0.3105450697529093,0.25917873408395864,0.3599540754902365,0.3055743671840645,0.299,- - -,0.01154506975290931
15585,2024,Mike Ford,31,0.32854009969981984,0.2732473814484905,0.3822357690464294,0.30696316395650347,0.18,CIN,0.14854009969981985
15640,2024,Aaron Judge,32,0.4625690810060523,0.41284511348731656,0.5115368974837656,0.370547942051869,0.476,NYY,0.01343091899394766
15653,2024,Dominic Smith,29,0.30935645302771686,0.2595846211407794,0.3583884212479439,0.3002139646894454,0.306,- - -,0.003356453027716866
15674,2024,Reese McGuire,29,0.2642568993113542,0.2095901991070483,0.318181380214115,0.3008953224041966,0.259,BOS,0.005256899311354202
15676,2024,Jose Abreu,37,0.3074000894193865,0.25922073746195606,0.3546967377139363,0.32078714683991205,0.164,HOU,0.1434000894193865
15679,2024,Rowdy Tellez,29,0.31283362454529606,0.2613674923767881,0.3642216654678932,0.30674126674340074,0.301,PIT,0.011833624545296073
15711,2024,Tyler O'Neill,29,0.3236968189314639,0.27266870041527613,0.37433197709476396,0.3185062356259779,0.36,BOS,0.03630318106853608
15730,2024,Tyler Wade,29,0.24209310329401293,0.1925773382630402,0.2911045586783658,0.29787477249441774,0.242,SDP,9.310329401293616e-5
15878,2024,Miguel Andujar,29,0.34476750395384675,0.2899712858331076,0.39814319458356656,0.3003337264064937,0.306,OAK,0.03876750395384676
15986,2024,Willy Adames,28,0.3337985565343824,0.2821219897111771,0.38495792633081716,0.31525304479089206,0.342,MIL,0.00820144346561763
15998,2024,Cody Bellinger,28,0.33265279599555186,0.28276383052706744,0.3824036760056154,0.30978191707170333,0.322,CHC,0.010652795995551856
16153,2024,Austin Slater,31,0.30599895677473343,0.2565273844834517,0.35540121252705015,0.3145848471022996,0.273,- - -,0.03299895677473341
16219,2024,J.D. Davis,31,0.31708080646011993,0.2663510098392259,0.36631702074584865,0.31500317462513877,0.282,- - -,0.03508080646011996
16252,2024,Trea Turner,31,0.37130040931595926,0.32239513492367006,0.41986608386461927,0.3314224033565536,0.349,PHI,0.02230040931595928
16337,2024,Nick Gordon,28,0.3086541217046084,0.25438561449049035,0.3624294151669138,0.3011911767107264,0.271,MIA,0.037654121704608357
16357,2024,Pablo Reyes,30,0.30968140650225234,0.2590447599332776,0.3602547792384209,0.3028173916989017,0.207,- - -,0.10268140650225235
16376,2024,Michael Conforto,31,0.3265176380315038,0.27874135392945837,0.3743802108637989,0.31552324218976024,0.327,SFG,4.823619684962144e-4
16426,2024,Thairo Estrada,28,0.3133059054450728,0.25841804550342495,0.3674337609309878,0.31068814275986134,0.256,SFG,0.0573059054450728
16442,2024,Ryan O'Hearn,30,0.3257546756450193,0.2752780362679488,0.3761359276011583,0.306619513562834,0.33,BAL,0.004245324354980706
16451,2024,Luis Guillorme,29,0.2647255409445078,0.21402402595864814,0.3150233969784054,0.30318620302319005,0.263,- - -,0.0017255409445077752
16478,2024,Kyle Schwarber,31,0.3731889393185526,0.3232636260555895,0.4222851613300044,0.3348190393733578,0.366,PHI,0.007188939318552634
16505,2024,Matt Chapman,31,0.370551226240636,0.32008343874399703,0.4200790186283463,0.3154541129715728,0.34,SFG,0.030551226240635998
16512,2024,Isiah Kiner-Falefa,29,0.2819274686098149,0.2310572520183628,0.33272820633708394,0.2959650712770515,0.299,- - -,0.01707253139018511
16530,2024,Mauricio Dubon,29,0.28608410702451675,0.2316420606695318,0.3397196672365605,0.29879445069430455,0.286,HOU,8.410702451677743e-5
16535,2024,Danny Jansen,29,0.32674299233735304,0.27521272324457535,0.3773561869876862,0.31740461417288796,0.294,- - -,0.03274299233735306
16556,2024,Ozzie Albies,27,0.36557466245380743,0.31566869495124394,0.4153825525439587,0.3238811901103013,0.307,ATL,0.058574662453807436
16572,2024,Connor Joe,31,0.3359213478568427,0.2818099431309042,0.39009178253790056,0.3152212104749758,0.305,PIT,0.030921347856842696
16578,2024,Yandy Diaz,32,0.37618678311950315,0.3270233248178043,0.42526490534207223,0.3402651788114919,0.331,TBR,0.04518678311950314
16622,2024,Luis Urias,27,0.28836014493274764,0.23743774720003546,0.33915652453448797,0.3141148321920498,0.309,SEA,0.020639855067252355
16725,2024,Jose Trevino,31,0.2696483403273677,0.21462399079039843,0.32469760461966596,0.29315857738182444,0.284,NYY,0.0143516596726323
16930,2024,Jonah Heim,29,0.3487695388648862,0.2944221273025993,0.4020183640317201,0.3052543027252825,0.265,TEX,0.0837695388648862
16939,2024,Lane Thomas,28,0.3370052672311395,0.2828129092801221,0.39106963119275917,0.3142846928586821,0.309,- - -,0.028005267231139497
16997,2024,Gleyber Torres,27,0.34676431464236623,0.2950167178530833,0.3981463665775441,0.3191781169959128,0.313,NYY,0.03376431464236623
17022,2024,Edmundo Sosa,28,0.30265015425887926,0.2485481745500435,0.3557943591918366,0.30508466786292265,0.318,PHI,0.015349845741120749
17027,2024,Alex Verdugo,28,0.34109510701230294,0.2891204763658106,0.3914041554834903,0.3151057337049299,0.283,NYY,0.05809510701230297
17040,2024,Jose Herrera,27,0.27677725149766663,0.22235450195211312,0.3300814634529202,0.2947907432619861,0.271,ARI,0.005777251497666613
17128,2024,Ramon Laureano,29,0.3141783899780024,0.26335889906565124,0.3649629131589133,0.3040231310786423,0.324,- - -,0.009821610021997607
17273,2024,Jorge Mateo,29,0.3023402892091573,0.2472039954297294,0.35687684941015196,0.2924338885820396,0.286,BAL,0.01634028920915731
17338,2024,Willi Castro,27,0.3172614675196414,0.26242663888706286,0.37094560452374664,0.3016430803137017,0.317,MIN,2.614675196414007e-4
17350,2024,Rafael Devers,27,0.39856239712732155,0.3484147305610739,0.44774427344960577,0.33962998735308525,0.364,BOS,0.034562397127321565
17452,2024,Jose Siri,28,0.3212363200433288,0.26677911712676244,0.3739902607031859,0.3022151715982027,0.271,TBR,0.050236320043328786
17484,2024,Eloy Jimenez,27,0.3434069816191152,0.2883460307514156,0.39671039314618056,0.3177187997234677,0.276,- - -,0.06740698161911518
17548,2024,Taylor Ward,30,0.3419686894039527,0.28723781050183395,0.3956414588433539,0.32219525495047097,0.325,LAA,0.016968689403952686
17678,2024,Alex Bregman,30,0.37556518809154665,0.32673252751280846,0.42392354728018833,0.32965465132003097,0.331,HOU,0.04456518809154664
17696,2024,Kevin Newman,30,0.3239462957803773,0.2725149962058167,0.3748609985365006,0.29362162537861786,0.298,ARI,0.025946295780377326
17766,2024,D.J. Stewart,30,0.34699956212349164,0.29275232323542155,0.4004404361433049,0.3126890151040598,0.29,NYM,0.056999562123491665
17838,2024,Willie Calhoun,29,0.3140845632015992,0.2626287059784652,0.36508726694369054,0.3023226197905385,0.305,LAA,0.009084563201599227
17893,2024,Tyler Nevin,27,0.31778835316066484,0.2631256974453292,0.37141550360281783,0.29863926841767163,0.276,OAK,0.041788353160664815
17901,2024,Andrew Benintendi,29,0.3134664749517476,0.26483213433602504,0.361907340694184,0.3120778832338791,0.298,CHW,0.015466474951747633
17907,2024,Brendan Rodgers,27,0.322182099333692,0.2687281246335073,0.37612867550372586,0.3127802560242,0.314,COL,0.008182099333692017
17919,2024,Ian Happ,29,0.34481119054561366,0.29421725352123407,0.3947642488880347,0.3237497121166235,0.341,CHC,0.0038111905456136297
17929,2024,Cedric Mullins,29,0.31149040288563895,0.2595636084641488,0.3625492829150248,0.3184274245713825,0.31,BAL,0.0014904028856389528
17954,2024,Sam Hilliard,30,0.3162932242872533,0.2619621486831715,0.3713708333847979,0.3002614338018017,0.342,COL,0.02570677571274671
17982,2024,Ty France,29,0.30394066443811346,0.24939924562833232,0.35850554726941297,0.3196231386917291,0.296,- - -,0.007940664438113476
17988,2024,Tyler Stephenson,27,0.32638272766464765,0.27190613736571095,0.3799509010089698,0.3136621923528059,0.339,CIN,0.01261727233535237
18015,2024,Paul DeJong,30,0.2878695944085048,0.23833404598542607,0.33664789073194407,0.28948004226513635,0.302,- - -,0.014130405591495199
18030,2024,Harrison Bader,30,0.29903846534073003,0.249151114022094,0.3479391115680371,0.2995182654041888,0.285,NYM,0.014038465340730055
18036,2024,Jake Cronenworth,30,0.28808954851494184,0.2332470552102036,0.34181610323871536,0.3118484616763927,0.315,SDP,0.026910451485058162
18042,2024,Dylan Moore,31,0.34222224606302865,0.28770811029298204,0.3958628141319677,0.3051161053966947,0.306,SEA,0.03622224606302865
18067,2024,Garrett Stubbs,31,0.2390484951644286,0.18496255452257168,0.2921558977257197,0.30323568390094197,0.258,PHI,0.018951504835571398
18126,2024,LaMonte Wade Jr.,30,0.3272279347668781,0.2730286683914359,0.380451059861996,0.31789718783058596,0.337,SFG,0.009772065233121907
18171,2024,Seth Brown,31,0.34314350700916507,0.2877226953517638,0.39705622081488817,0.30783118970570866,0.289,OAK,0.05414350700916509
18314,2024,Dansby Swanson,30,0.3281239481447021,0.27864547328735045,0.3768670802312541,0.31805851011706915,0.307,CHC,0.021123948144702087
18345,2024,Kyle Tucker,27,0.3727390806236916,0.3210375190624071,0.42453719343153784,0.3387470639159826,0.419,HOU,0.046260919376308385
18360,2024,Austin Riley,27,0.3793834819905323,0.3240780040625697,0.4327947988951019,0.3432333410585837,0.338,ATL,0.04138348199053227
18363,2024,Victor Robles,27,0.32352333408143136,0.2717168148551963,0.374136099266746,0.2948566620454707,0.357,- - -,0.03347666591856863
18373,2024,Ryan Mountcastle,27,0.33286105940681776,0.2777924144710404,0.3864360296548034,0.31633564706971695,0.316,BAL,0.016861059406817758
18400,2024,Juan Yepez,26,0.3043542986825399,0.24960540034885043,0.3577971924555512,0.30377798812615775,0.331,WSN,0.026645701317460135
18401,2024,Ronald Acuna Jr.,26,0.40470225000826837,0.35338583796829975,0.4552708828388258,0.35237485261476387,0.322,ATL,0.08270225000826836
18564,2024,Trent Grisham,27,0.30491362642789765,0.2493064565186889,0.35914477869454653,0.30101245851652747,0.295,NYY,0.00991362642789767
18568,2024,Luis Arraez,27,0.3257821377016276,0.2709210933143676,0.37948662826753726,0.3298532247556532,0.323,- - -,0.002782137701627607
18577,2024,Ke'Bryan Hayes,27,0.336008446522837,0.28209105062105044,0.38888358246276983,0.30631193509020443,0.256,PIT,0.080008446522837
18607,2024,Jared Walsh,30,0.3047795859538765,0.24986526352677704,0.3585333487644087,0.30396582638801095,0.289,TEX,0.015779585953876518
18795,2024,Ramon Urias,30,0.2993252979677464,0.2436774778334306,0.35413132110507295,0.3097874383443989,0.325,BAL,0.025674702032253638
18819,2024,Andy Ibanez,31,0.3226220612855579,0.26794299843668673,0.375880037606397,0.30624941245710324,0.287,DET,0.03562206128555795
18821,2024,Jose Azocar,28,0.2822687666275474,0.22756442026607263,0.33608750306099106,0.29980161193479726,0.235,SDP,0.04726876662754742
18839,2024,Josh Naylor,27,0.33424291366331305,0.2790840346811478,0.38787044543311044,0.31943603347134686,0.332,CLE,0.0022429136633130287
18882,2024,Brandon Lowe,29,0.3577103259458071,0.30552739969485376,0.40957479305202343,0.32034576866447195,0.335,TBR,0.022710325945807075
18889,2024,Danny Mendick,30,0.26454857496061085,0.20958974467099908,0.3173498656788634,0.2998235663682344,0.247,CHW,0.017548574960610852
18900,2024,Leody Taveras,25,0.31569573100849063,0.26126942727016944,0.3704877681352087,0.3015628671661762,0.282,TEX,0.03369573100849066
19151,2024,Estevan Florial,26,0.28802551291177175,0.2346122833877268,0.3416186579785591,0.3035310379557389,0.277,CLE,0.011025512911771729
19197,2024,Will Smith,29,0.3509857562972637,0.29612311899477795,0.40465144963897715,0.328490086607791,0.326,LAD,0.024985756297263684
19198,2024,Yuli Gurriel,40,0.3121507515792685,0.26394738806170587,0.3606772773710439,0.3071467145255101,0.289,KCR,0.023150751579268547
19238,2024,Lourdes Gurriel Jr.,30,0.3574531519979007,0.30533970895446677,0.40872933078897566,0.31733375066039426,0.327,ARI,0.030453151997900663
19251,2024,Pete Alonso,29,0.34334358220748873,0.28888802857093876,0.3972119691845776,0.3342653169369302,0.34,NYM,0.0033435822074887045
19252,2024,Cavan Biggio,29,0.32386382319162343,0.26969148684492755,0.37729324666410263,0.3057818939594482,0.285,- - -,0.03886382319162346
19260,2024,Jake Fraley,29,0.31811359065221273,0.26265594890251404,0.3720031150733755,0.3169584365405092,0.314,CIN,0.004113590652212729
19262,2024,Garrett Hampson,29,0.29110167049930746,0.23732115345983937,0.3442551015537952,0.3005788930649036,0.255,KCR,0.03610167049930746
19287,2024,Adolis Garcia,31,0.3716574356367274,0.3170796317513658,0.42531288376260307,0.3208951601521859,0.296,TEX,0.07565743563672739
19290,2024,Randy Arozarena,29,0.3544283394113968,0.2994435971888565,0.4086057171026399,0.3264888898349977,0.32,- - -,0.03442833941139678
19293,2024,Nick Senzel,29,0.3066634488302198,0.2519351559096385,0.3607756213646399,0.29782779940970683,0.273,- - -,0.033663448830219767
19296,2024,Alex Call,29,0.29618666151954187,0.24140618307086806,0.3496267654713592,0.30034368092290226,0.412,WSN,0.1158133384804581
19318,2024,Matt Thaiss,29,0.3076221451093131,0.2532829818364017,0.3613620078821625,0.30189022914589103,0.286,LAA,0.02162214510931315
19326,2024,Bryan Reynolds,29,0.33005155998429064,0.27574193730410634,0.3832826586101057,0.33180826136782016,0.343,PIT,0.012948440015709384
19339,2024,Nicky Lopez,29,0.2567117882806973,0.20227244849378942,0.30958887005752805,0.29654622281100684,0.275,CHW,0.018288211719302727
19352,2024,Sean Murphy,29,0.358166869007679,0.3029769115302643,0.41210142403157957,0.321556850286209,0.281,ATL,0.077166869007679
19354,2024,Luke Raley,29,0.33768483135854455,0.2826662366845296,0.3910326796221705,0.31216498092912626,0.339,SEA,0.0013151686414554775
19363,2024,Austin Hays,28,0.3790586856322188,0.32718369609927783,0.42963198596778385,0.3146865580113086,0.303,- - -,0.07605868563221879
19392,2024,Zach McKinstry,29,0.29873586043497524,0.2443552488644078,0.3517811850083679,0.29765780511559015,0.27,DET,0.028735860434975224
19452,2024,Jake Rogers,29,0.331736394062238,0.27666592677438573,0.38525307108859375,0.304036345429466,0.264,DET,0.06773639406223797
19455,2024,Andruw Monasterio,27,0.32482195752474646,0.27019234788189156,0.3783117713508574,0.3038728708696781,0.266,MIL,0.05882195752474645
19470,2024,Tommy Edman,29,0.3153955372425393,0.2603990533300615,0.36906512610768905,0.3067405148983392,0.307,LAD,0.00839553724253933
19514,2024,Andrew Knizner,29,0.3106476462319175,0.2560447667619824,0.3645257383567064,0.2966421572102187,0.174,TEX,0.1366476462319175
19522,2024,TJ Friedl,28,0.30584350629963114,0.2504159022521242,0.3603397779362698,0.3185523681205636,0.305,CIN,8.435062996311471e-4
19556,2024,Yordan Alvarez,27,0.41075515828452425,0.3560737247322584,0.4649437424855278,0.35787884487022603,0.402,HOU,0.008755158284524223
19562,2024,Zack Short,29,0.3123087013460507,0.25800490040914786,0.36556008917204136,0.2947851024197659,0.228,- - -,0.0843087013460507
19566,2024,Nathaniel Lowe,28,0.34159994770748087,0.28719729093261165,0.3949274437564453,0.32941814085049237,0.337,TEX,0.004599947707480845
19599,2024,Chas McCormick,29,0.3390433540516182,0.2847445750153206,0.3923929120766364,0.3213872380095647,0.257,HOU,0.08204335405161817
19600,2024,Bryan De La Cruz,27,0.3319956516733039,0.2781500644980079,0.3854475244796339,0.3085372646574356,0.283,- - -,0.04899565167330394
19610,2024,Keibert Ruiz,25,0.31939646208315925,0.2646399297653754,0.3730374498242633,0.30539621678444895,0.268,WSN,0.05139646208315923
19611,2024,Vladimir Guerrero Jr.,25,0.35591900138543064,0.30094141319483936,0.40979984419111143,0.3387775059199247,0.398,TOR,0.042080998614569376
19612,2024,Bo Bichette,26,0.3476214682014294,0.2932460795182719,0.40121677094826586,0.33010844886986757,0.264,TOR,0.0836214682014294
19627,2024,Brent Rooker,29,0.34828118152923926,0.2937498227735132,0.4015482586254234,0.3149051131728976,0.392,OAK,0.043718818470760756
19698,2024,Edward Olivares,28,0.32102637342748136,0.2661081799124776,0.3751003521239354,0.31071008862410854,0.276,PIT,0.045026373427481337
19709,2024,Fernando Tatis Jr.,25,0.36012415330315933,0.30516752274955905,0.4143763325284015,0.3339151301810276,0.359,SDP,0.0011241533031593476
19734,2024,Josh Rojas,30,0.28938995618574737,0.23464587762331024,0.3430732255064049,0.3083973795873038,0.286,SEA,0.0033899561857473892
19755,2024,Shohei Ohtani,29,0.3887218525269875,0.33721103759232507,0.4394209260121021,0.3582198928073802,0.431,LAD,0.042278147473012506
19779,2024,Dairon Blanco,31,0.2908206394402825,0.23647590129389096,0.3446713320405219,0.3066869723006506,0.306,KCR,0.01517936055971747
19818,2024,Joshua Palacios,28,0.30642305891553273,0.25246612147425546,0.3599857756811732,0.30317871917713485,0.307,PIT,5.76941084467264e-4
19858,2024,Luis Rengifo,27,0.32211183805624793,0.26668742140337964,0.37573255622708207,0.30988939765054135,0.335,LAA,0.012888161943752086
19864,2024,Riley Adams,28,0.3352476361495821,0.28049355359504713,0.388875023683963,0.3051658442900396,0.275,WSN,0.06024763614958206
19890,2024,Emmanuel Rivera,28,0.3200711226463803,0.26567034474240386,0.3735816282817041,0.3026789766461113,0.291,- - -,0.029071122646380343
19892,2024,Pavin Smith,28,0.3204422449973794,0.2658300646195225,0.37336013693587744,0.3040791614549426,0.377,ARI,0.05655775500262061
19896,2024,Connor Wong,28,0.3178089053741906,0.2641150118436036,0.3713700611004497,0.30071238699437963,0.33,BOS,0.012191094625809418
19901,2024,Gavin Sheets,28,0.30209918153089893,0.24678753485337104,0.3556976591570342,0.3000681682663914,0.291,CHW,0.01109918153089895
19913,2024,Jesus Sanchez,26,0.3323498505985889,0.2770855286199073,0.3864321232879193,0.31172798758048725,0.317,MIA,0.015349850598588899
19918,2024,Daulton Varsho,27,0.32069427174342796,0.26630589790699327,0.37397098666479606,0.3065400486145181,0.304,TOR,0.01669427174342797
19921,2024,Blake Perkins,27,0.2912485594980126,0.23703358366258476,0.3437621613278383,0.3041386454607109,0.288,MIL,0.0032485594980126153
19948,2024,Cristian Pache,25,0.29853600784848244,0.24391064675120955,0.35170539824691344,0.2884860609378261,0.25,- - -,0.04853600784848244
19950,2024,Andres Gimenez,25,0.3010400672706301,0.24638215538365907,0.3553503718173013,0.3148079253694016,0.281,CLE,0.02004006727063007
19953,2024,Josh Lowe,26,0.3235356474218175,0.2686176547162718,0.37758933690890206,0.3141191787609158,0.299,TBR,0.02453564742181752
19956,2024,Mickey Moniak,26,0.3542272071156679,0.30020873760580097,0.4080024332115267,0.3064115728396655,0.281,LAA,0.07322720711566788
19966,2024,Bobby Dalbec,29,0.38951923132635724,0.33386189289850554,0.4432620576042158,0.30459095841676376,0.194,BOS,0.19551923132635723
19997,2024,Santiago Espinal,29,0.29160288001759493,0.2364036199325048,0.3447312359490258,0.3048968517495073,0.285,CIN,0.006602880017594959
20017,2024,Miles Mastrobuoni,28,0.33385422959986316,0.27940345130909355,0.387258489031775,0.30162174689415755,0.214,CHC,0.11985422959986317
20036,2024,Isaac Paredes,25,0.34490505779490965,0.29038416043535986,0.3981208720668538,0.3206428805131878,0.327,- - -,0.01790505779490964
20043,2024,Luis Robert Jr.,26,0.3487282797558391,0.293781905387385,0.40200849717362697,0.3275971073809242,0.285,CHW,0.06372827975583911
20056,2024,Alan Trejo,28,0.30237370114702145,0.24805708922444095,0.3560461929676587,0.30164128081305325,0.152,COL,0.15037370114702145
20123,2024,Juan Soto,25,0.3909250658251106,0.33937949598393896,0.44210166360731445,0.3563012196654024,0.421,NYY,0.03007493417488938
20126,2024,Dylan Carlson,25,0.31173489396314213,0.2567702964639419,0.36518138839318875,0.30875454207436104,0.257,- - -,0.05473489396314213
20178,2024,Miguel Vargas,24,0.3094547589347563,0.255336544292911,0.36181389791872776,0.30270468992708743,0.233,- - -,0.07645475893475631
20202,2024,Brandon Marsh,26,0.3264516485828043,0.27144768932019314,0.3802174503781028,0.3136098364355446,0.326,PHI,4.51648582804276e-4
20220,2024,Jo Adell,25,0.29525600831911897,0.24127697553685812,0.34838754654635445,0.3000579454624124,0.296,LAA,7.439916808810176e-4
20287,2024,Ben Rortvedt,26,0.27976874186236506,0.22522083630846973,0.3336051719960813,0.295687275952325,0.283,TBR,0.003231258137634918
20308,2024,Jake Meyers,28,0.305357797674876,0.25057690290735335,0.35960024481373876,0.3009754656979273,0.285,HOU,0.020357797674876
20311,2024,Corey Julks,28,0.3084232625245428,0.2539564203540981,0.3613054248647599,0.3010297644698112,0.26,CHW,0.048423262524542765
20321,2024,Stuart Fairchild,28,0.297306421250986,0.24316642902786267,0.35051656648583296,0.3076877987096409,0.288,CIN,0.009306421250986019
20325,2024,Alex Kirilloff,26,0.3346209426053453,0.2801323030261511,0.3878069551268284,0.31001153929438385,0.282,MIN,0.05262094260534533
20352,2024,Ernie Clement,28,0.2849414090427288,0.23060931466575255,0.3384968099214207,0.295643082077308,0.297,TOR,0.012058590957271187
20391,2024,Luis Garcia Jr.,24,0.30010409246117,0.24471205670679308,0.3532514971232699,0.3016015845735181,0.328,WSN,0.027895907538830034
20437,2024,Royce Lewis,25,0.33453682504782656,0.27980174854095646,0.3883563686509737,0.3164613344614524,0.317,MIN,0.017536825047826554
20454,2024,Jazz Chisholm Jr.,26,0.32558915399564015,0.2712406313059469,0.37899265198599086,0.3150145851702817,0.327,- - -,0.001410846004359867
20503,2024,William Contreras,26,0.3286985392190804,0.27421158002654217,0.38240981730977763,0.32650288825365303,0.359,MIL,0.03030146078091961
20521,2024,Nick Madrigal,27,0.2688944203782915,0.21427185193186105,0.32262220557079413,0.3010820873090429,0.245,CHC,0.02389442037829148
20529,2024,Nolan Jones,26,0.37152579193920915,0.3172518411655596,0.42508831580582196,0.32376715540278733,0.287,COL,0.08452579193920917
20536,2024,Vidal Brujan,26,0.244075714528307,0.18862251409562641,0.29782757452284686,0.2916179144364226,0.276,MIA,0.031924285471693015
20538,2024,Jose Miranda,26,0.29784455881069793,0.2433308319915826,0.35135269355309307,0.3051570599698351,0.328,MIN,0.03015544118930208
20543,2024,Elehuris Montero,25,0.3565849970506099,0.3028763576239728,0.40998849411766675,0.30445339113150616,0.254,COL,0.10258499705060992
20572,2024,Kody Clemens,28,0.30181400734327285,0.2471237449414111,0.35573678450707213,0.29681463401242564,0.301,PHI,8.140073432728601e-4
21078,2024,Trey Cabbage,27,0.31041800419711224,0.25516317969624636,0.3654717569261553,0.3018812728974716,0.258,HOU,0.052418004197112233
21454,2024,Lars Nootbaar,26,0.33445501942991107,0.27962018667105526,0.38815430951421664,0.3186942783840069,0.331,STL,0.003455019429911055
21479,2024,Nico Hoerner,27,0.286867830218447,0.2328229414742105,0.3400239504342202,0.3127431184973836,0.313,CHC,0.026132169781553027
21501,2024,Trevor Larnach,27,0.38112699188606675,0.32574171721587575,0.43551467621793105,0.3053042753806964,0.336,MIN,0.045126991886066725
21523,2024,Jonathan India,27,0.3393786868927528,0.28499066999538775,0.3916262645523154,0.3197271128817569,0.333,CIN,0.006378686892752783
21524,2024,Joey Bart,27,0.27852569069699457,0.22414120284761482,0.33248302875103786,0.2974475379294435,0.347,PIT,0.06847430930300541
21534,2024,Cal Raleigh,27,0.34265571222860525,0.28758834046092574,0.39641775823679726,0.31052510906460773,0.323,SEA,0.019655712228605238
21538,2024,Nick Fortes,27,0.3081046245856377,0.25358043402508457,0.3619263042078274,0.29552897912236387,0.252,MIA,0.0561046245856377
21558,2024,Matt Vierling,27,0.31613271618431754,0.2619056475459529,0.36979880045745117,0.30543588529294424,0.317,DET,8.672838156824625e-4
21562,2024,Romy Gonzalez,27,0.2690487346981418,0.21461048687006123,0.3221325882914383,0.29813227571260725,0.311,BOS,0.04195126530185822
21614,2024,Kyle Isbel,27,0.32297040480888817,0.2683100516836619,0.37663519594061107,0.297368872953725,0.286,KCR,0.03697040480888819
21618,2024,Alec Bohm,27,0.3189587070722304,0.2647085630407339,0.3728400513894759,0.30933576011147684,0.335,PHI,0.016041292927769624
21622,2024,Jake McCarthy,26,0.2720847396615958,0.21736403744927627,0.3255817157914176,0.30682733105063464,0.329,ARI,0.05691526033840422
21636,2024,Jeremy Pena,26,0.3044081469403884,0.2490861157342318,0.35867434016437794,0.3066221209905591,0.305,HOU,5.91853059611569e-4
21693,2024,Miguel Amaya,25,0.3081421559517051,0.2534025720973446,0.3612271179606221,0.3048063168046291,0.283,CHC,0.025142155951705103
21707,2024,Oswaldo Cabrera,25,0.29278180853695285,0.2379785862931442,0.34669121690516375,0.29702426471144017,0.29,NYY,0.0027818085369528678
21716,2024,Enmanuel Valdez,25,0.3105726467218172,0.2562791820729028,0.3636725836311454,0.3064107099020411,0.275,BOS,0.0355726467218172
21746,2024,Jose Fermin,25,0.28353961313644377,0.228899120763052,0.3368611443696023,0.30335698951214973,0.207,STL,0.07653961313644378
21780,2024,Esteury Ruiz,25,0.24848596039868454,0.194136440376605,0.30193791591298547,0.300715703870038,0.281,OAK,0.03251403960131549
21837,2024,Jonathan Aranda,26,0.304990178825364,0.2505321477453714,0.35847584782270236,0.30295956853577105,0.32,TBR,0.015009821174636007
21840,2024,Freddy Fermin,29,0.33349045953695816,0.2787878322530041,0.3871056846028591,0.308158075290182,0.3,KCR,0.03349045953695817
21853,2024,Will Benson,26,0.3494601957016043,0.2952513682920757,0.40255669094358515,0.3134392860159968,0.285,CIN,0.06446019570160433
21865,2024,Bo Naylor,24,0.30410649862494726,0.250078851115188,0.3578910159352358,0.309947549496223,0.269,CLE,0.03510649862494725
21897,2024,Christopher Morel,25,0.36974084756037434,0.3149820676349118,0.42322510419029497,0.315759442977446,0.28,- - -,0.08974084756037431
22054,2024,Dane Myers,28,0.36670066536432677,0.31262002189082383,0.420832516333619,0.303095070463991,0.335,MIA,0.03170066536432675
22168,2024,Akil Baddoo,25,0.29949214246878264,0.24511403766187018,0.35308967769693533,0.3023875707773782,0.23,DET,0.06949214246878263
22184,2024,Mark Vientos,24,0.34168377862327315,0.2867468705797564,0.3953522165863826,0.2992557764734367,0.356,NYM,0.014316221376726834
22186,2024,Brice Turang,24,0.28167114365516566,0.22681335788910323,0.3352695915980895,0.2945458216778572,0.294,MIL,0.012328856344834327
22197,2024,MJ Melendez,25,0.3665459971055381,0.3120561444283695,0.4202131452951639,0.30673720054190656,0.292,KCR,0.07454599710553811
22217,2024,Luis Campusano,25,0.3204446627420576,0.26630595165519144,0.37364849484245133,0.31047506608629977,0.282,SDP,0.0384446627420576
22244,2024,Jack Suwinski,25,0.344311971905683,0.28971243933427865,0.3977939703279598,0.3140559049799304,0.26,PIT,0.08431197190568301
22263,2024,Nolan Gorman,24,0.3550580917182904,0.30083352323986867,0.40819350496646023,0.31469756513536945,0.29,STL,0.06505809171829041
22266,2024,Xavier Edwards,24,0.26223233751203684,0.20738207124238128,0.3158379313432532,0.30377478575029404,0.359,MIA,0.09676766248796315
22275,2024,Jake Burger,28,0.3526308153539011,0.29824922149896116,0.4056801898699659,0.31728912378179364,0.325,MIA,0.027630815353901106
22277,2024,Nick Allen,25,0.2600787209484406,0.20549155459862745,0.31407594785499504,0.28625255713617903,0.207,OAK,0.0530787209484406
22458,2024,Taylor Walls,27,0.28195308567525024,0.2273899483316263,0.33588549619284996,0.2907171688244432,0.245,TBR,0.03695308567525024
22514,2024,Triston Casas,24,0.35844383989563255,0.3052780636091451,0.4110400799702406,0.3212650455035066,0.342,BOS,0.016443839895632528
22515,2024,Heliot Ramos,24,0.28453757814148245,0.23028739185444852,0.3375353165336269,0.301640551684914,0.339,SFG,0.05446242185851757
22532,2024,Tyler Freeman,25,0.26888528973037457,0.21423041398843765,0.32237089078704567,0.30152708316517046,0.283,CLE,0.014114710269625408
22542,2024,Lawrence Butler,23,0.3112420866140013,0.2569118535763583,0.36486330348993956,0.30004804212919933,0.345,OAK,0.03375791338599865
22558,2024,Jarred Kelenic,24,0.31552481701215107,0.26131223006786536,0.3691858660109178,0.2990710688310154,0.294,ATL,0.021524817012151087
22563,2024,Gabriel Arias,24,0.31398719271761777,0.25992181832212025,0.36797731103443376,0.2987360759142137,0.263,CLE,0.05098719271761776
22581,2024,Alejandro Kirk,25,0.31201690836813706,0.25777705126715106,0.36522133138258506,0.31458037669553984,0.297,TOR,0.015016908368137072
22664,2024,Gabriel Moreno,24,0.30767902924918,0.253516434634711,0.3609991793148298,0.30910630082896917,0.325,ARI,0.01732097075082001
22715,2024,Maikel Garcia,24,0.3341713910364764,0.2798235919918613,0.3882523519336623,0.3029202285997349,0.27,KCR,0.0641713910364764
22799,2024,Geraldo Perdomo,24,0.29045642764477675,0.23660574994402006,0.34376682066321956,0.2983785731294889,0.317,ARI,0.026543572355223255
22896,2024,Lenyn Sosa,24,0.33089180473276913,0.2758933254544328,0.3844256115765218,0.29772400515748104,0.28,CHW,0.05089180473276911
23003,2024,Yainer Diaz,25,0.3531171997081856,0.297618882094383,0.4071124363601415,0.3142553333129813,0.329,HOU,0.0241171997081856
23312,2024,Ryan Noda,28,0.35365466759731923,0.2988087712967822,0.4074696924503492,0.3136287020694064,0.223,OAK,0.13065466759731922
23359,2024,Nelson Velazquez,25,0.3281231529031428,0.2739661155524143,0.38120635149837573,0.3098511546008128,0.28,KCR,0.048123152903142785
23401,2024,Jose Caballero,27,0.28096546838694686,0.22550898750406467,0.33492677178254254,0.30438160709464374,0.277,TBR,0.0039654683869468355
23565,2024,Davis Schneider,25,0.3644838041727459,0.3094995708346134,0.4185712533632465,0.3145540893531175,0.277,TOR,0.08748380417274587
23690,2024,Brayan Rocchio,23,0.27518334937959743,0.2205729108718556,0.3290012390144523,0.3020285375967628,0.276,CLE,8.166506204025925e-4
23697,2024,Julio Rodriguez,23,0.35331726034471467,0.2982330493977029,0.4076219000678571,0.32725655889091765,0.321,SEA,0.03231726034471466
23733,2024,Ezequiel Duran,25,0.33503699295387496,0.28072816855011345,0.3889733106082431,0.30792813843092554,0.27,TEX,0.06503699295387494
23772,2024,Wilyer Abreu,25,0.36129594433760326,0.30628954827680255,0.41452575376767,0.3080594704280541,0.336,BOS,0.025295944337603238
23792,2024,Alek Thomas,24,0.318910387480466,0.2647912114631442,0.3721498939766395,0.29408498102943215,0.262,ARI,0.05691038748046601
23800,2024,Parker Meadows,24,0.3339462149486024,0.2800189170076773,0.3875169895670914,0.3045952952148728,0.321,DET,0.012946214948602375
23818,2024,Ji Hwan Bae,24,0.2514448782137717,0.19699253090309474,0.3049037285812176,0.2978681243337605,0.213,PIT,0.03844487821377171
23986,2024,Curtis Mead,23,0.28424799949518864,0.22984732089408394,0.3376856160804115,0.3041352139626041,0.255,TBR,0.029247999495188637
24064,2024,Ezequiel Tovar,22,0.32275954268053947,0.2674177757991053,0.37653272542932026,0.3024440948597947,0.324,COL,0.0012404573194605417
24262,2024,Ceddanne Rafaela,23,0.261348028516644,0.20620435475635193,0.3148728280448787,0.3032990941651767,0.286,BOS,0.02465197148335596
24336,2024,Johan Rojas,23,0.2950592733161647,0.24058727963176127,0.348884600815722,0.3072952287430684,0.265,PHI,0.030059273316164703
24589,2024,Richie Palacios,27,0.296846750909385,0.24167283837804257,0.35127566264397475,0.3040736840230974,0.303,TBR,0.006153249090614987
24610,2024,Steven Kwan,26,0.26355591822637536,0.2088430330112059,0.3172563234673377,0.31393661010040824,0.349,CLE,0.08544408177362461
24617,2024,Jarren Duran,27,0.335495148702934,0.28034219284466894,0.38931172543731957,0.30976943749515373,0.357,BOS,0.021504851297065974
24618,2024,Ryan Jeffers,27,0.3312178404349174,0.27653540870676835,0.384270260634367,0.3124901429869973,0.317,MIN,0.014217840434917417
24679,2024,Brendan Donovan,27,0.33912213936652663,0.28538799441224383,0.3922268165219506,0.31959808230251335,0.332,STL,0.007122139366526614
24703,2024,Jonah Bride,28,0.29398179619350534,0.239747712003012,0.3473283333256032,0.29518686959597673,0.351,MIA,0.05701820380649464
24729,2024,Logan O'Hoppe,24,0.35875300147978695,0.30416259622895536,0.41315079393133203,0.30810021225925,0.311,LAA,0.04775300147978695
24770,2024,James Outman,27,0.32151287350671287,0.26598735641744164,0.3751682097883253,0.3151655832745359,0.242,LAD,0.07951287350671288
24934,2024,David Fry,28,0.3424468459651855,0.2883629243996037,0.3957156326623339,0.30543847528113194,0.347,CLE,0.004553154034814488
25111,2024,David Hensley,28,0.2966681004089855,0.24231808837936405,0.3500706847411611,0.2971739401684227,0.265,MIA,0.03166810040898549
25353,2024,Michael Stefanic,28,0.2614017453021963,0.20650628560724632,0.31544172078971683,0.30316115868787635,0.258,LAA,0.0034017453021962796
25479,2024,Brenton Doyle,26,0.33074891984792104,0.27623906946617827,0.3841353873631854,0.2937163441887446,0.328,COL,0.0027489198479210275
25543,2024,Korey Lee,25,0.21012021693190353,0.15468987905942697,0.2643576901820019,0.29667468829838584,0.257,CHW,0.04687978306809648
25660,2024,Will Brennan,26,0.2657877692724822,0.2103758419129804,0.3200232703657431,0.299782230500494,0.303,CLE,0.03721223072751778
25764,2024,Bobby Witt Jr.,24,0.35190771811313376,0.2980047858600891,0.40503943646864426,0.3161122729308884,0.41,KCR,0.058092281886866215
25768,2024,CJ Abrams,23,0.3024270244686276,0.24825038373946795,0.35544013827138915,0.30074821946031605,0.322,WSN,0.019572975531372383
25807,2024,Jared Triolo,26,0.32540784977038933,0.27077804059908767,0.37862119247611814,0.3098591343642281,0.275,PIT,0.05040784977038931
25816,2024,Shea Langeliers,26,0.3258738930913872,0.2716564593324656,0.37820708693523697,0.30034547673548384,0.315,OAK,0.010873893091387199
25845,2024,Michael Toglia,25,0.34059624662158533,0.2866115664968366,0.3943712111032615,0.29566404062263235,0.329,COL,0.011596246621585315
25878,2024,Corbin Carroll,23,0.33619664056128623,0.28128135949271005,0.3903774008151816,0.3258676139114439,0.325,ARI,0.01119664056128622
25931,2024,Michael Harris II,23,0.34986410762370573,0.2950020992758411,0.4030159292155361,0.3239581385908826,0.312,ATL,0.037864107623705734
25961,2024,Kerry Carpenter,26,0.34011858961287667,0.2866774819176173,0.39302767335770467,0.3158362293696309,0.39,DET,0.04988141038712335
25976,2024,Riley Greene,23,0.3508489069529921,0.2975483015423859,0.40401526456712167,0.3119354852936479,0.355,DET,0.004151093047007892
26031,2024,Vaughn Grissom,23,0.2657832042513272,0.2108192335788653,0.3190163379204838,0.3068299312375955,0.213,BOS,0.05278320425132718
26121,2024,Francisco Alvarez,22,0.3295533424352352,0.27472315739277764,0.3833189571942237,0.3055274366242672,0.31,NYM,0.01955334243523521
26123,2024,Brett Baty,24,0.28874365275824765,0.23356876234468946,0.34158293580386745,0.29638605644704386,0.282,NYM,0.006743652758247676
26149,2024,Dominic Fletcher,26,0.31078562997544856,0.25647024332389057,0.3642686370994031,0.306541361191302,0.227,CHW,0.08378562997544856
26197,2024,Andrew Vaughn,26,0.33610154760537087,0.28202845589171255,0.38887373879833487,0.3123970719315683,0.304,CHW,0.03210154760537087
26288,2024,Adley Rutschman,26,0.3278617743087574,0.27251506126776887,0.38122653344360125,0.32536009003288113,0.309,BAL,0.018861774308757406
26289,2024,Gunnar Henderson,23,0.3582561554602299,0.304624131522031,0.41216110220542723,0.3180811738957703,0.381,BAL,0.02274384453977013
26294,2024,Bryson Stott,26,0.31191608618537764,0.25721396715037403,0.3656767859427295,0.3069054727138484,0.296,PHI,0.015916086185377654
26299,2024,Josh Jung,26,0.36741492098476747,0.31242874803922616,0.4218571087413614,0.31077949420115236,0.311,TEX,0.05641492098476747
26319,2024,Michael Busch,26,0.2802929021845094,0.22584169737256943,0.3339986213906771,0.3010248327820783,0.336,CHC,0.0557070978154906
26323,2024,Spencer Steer,26,0.33694831249797913,0.28179672425838836,0.3906077759190457,0.3188606115841303,0.316,CIN,0.020948312497979127
26368,2024,J.J. Bleday,26,0.31100634120341997,0.2558190574329909,0.364507874883621,0.299169248280224,0.33,OAK,0.01899365879658005
26396,2024,Josh Smith,26,0.3412068977116361,0.2866033358048051,0.3950201459538729,0.29720144038043794,0.323,TEX,0.018206897711636083
26438,2024,Dominic Canzone,26,0.3409377238118561,0.28695989843909747,0.39354532052117946,0.3018568731441532,0.28,SEA,0.06093772381185608
26466,2024,Matt Wallner,26,0.35612718286203915,0.3018310955733957,0.40999464203308394,0.3150546765843305,0.385,MIN,0.02887281713796086
26467,2024,Luis Matos,22,0.2943175754589241,0.24014715909073675,0.34791714612874,0.302928842343677,0.25,SFG,0.04431757545892412
26517,2024,Noelvi Marte,22,0.3447107207001055,0.290160031190857,0.39848288137063714,0.30826263747903004,0.243,CIN,0.1017107207001055
26668,2024,Elly De La Cruz,22,0.3129860034356647,0.2594019874433428,0.36667863029476255,0.30442878081394176,0.349,CIN,0.03601399656433529
27465,2024,Spencer Torkelson,24,0.360729241046533,0.30586779954854004,0.4150360056071588,0.3061183752503577,0.295,DET,0.065729241046533
27467,2024,Tyler Soderstrom,22,0.2994329810296783,0.2452520944593825,0.35237827604711647,0.2968298294435078,0.322,OAK,0.022567018970321706
27475,2024,Jordan Walker,22,0.3350301190772083,0.28079747725438325,0.3881391541781747,0.3129589112613057,0.268,STL,0.0670301190772083
27478,2024,Patrick Bailey,25,0.31415667307156236,0.260151634154857,0.3672879711307923,0.3000244255955023,0.281,SFG,0.03315667307156234
27479,2024,Masyn Winn,22,0.27588851048961965,0.22136841837578206,0.32911402549635965,0.2964607578671141,0.315,STL,0.03911148951038035
27490,2024,Nick Gonzales,25,0.28748454015760444,0.23208624378812984,0.34171527929272,0.3014147792558144,0.307,PIT,0.019515459842395555
27506,2024,Ha-seong Kim,28,0.29811491446025823,0.24333013445032634,0.3516539688640196,0.3098065920799048,0.308,SDP,0.009885085539741767
27534,2024,Edouard Julien,25,0.3220884541778466,0.2672340111446277,0.3754563262637098,0.31746711772980385,0.278,MIN,0.04408845417784657
27555,2024,Garrett Mitchell,25,0.30263083912970645,0.24734959035838522,0.3561371698714489,0.3075644986356605,0.351,MIL,0.048369160870293526
27562,2024,Austin Wells,24,0.3450455164450559,0.29029073478727785,0.3987996698026294,0.30449159404981957,0.315,NYY,0.030045516445055875
27577,2024,Casey Schmitt,25,0.29979364827267774,0.24478886382118287,0.35344679717098515,0.29643064751179843,0.323,SFG,0.023206351727322272
27604,2024,Alika Williams,25,0.2636903770041418,0.20929283179362074,0.31667501491779804,0.29966207235016484,0.237,PIT,0.026690377004141785
27615,2024,Alec Burleson,25,0.3138278328322107,0.2599787132606623,0.3659657457914704,0.302107252843409,0.319,STL,0.005172167167789288
27630,2024,Nick Loftin,25,0.2933435605000811,0.238022315729835,0.3474406250523497,0.3061627937681542,0.242,KCR,0.0513435605000811
27647,2024,Anthony Volpe,23,0.3279459641833696,0.273876535743678,0.38095315709386013,0.30018527397832734,0.287,NYY,0.0409459641833696
27676,2024,Vinnie Pasquantino,26,0.35914329910602255,0.30430350728294175,0.41203280411981147,0.31535849557966183,0.325,KCR,0.03414329910602254
27684,2024,Michael Massey,26,0.3246435635011041,0.2701916481511216,0.377898970722808,0.29925695426821575,0.317,KCR,0.0076435635011041225
27735,2024,Brett Wisely,25,0.2823549178048412,0.22732732399310004,0.33558442458719867,0.29765865151959886,0.272,SFG,0.010354917804841157
27790,2024,Evan Carter,21,0.36917006344303827,0.31507582312741444,0.42284665736144705,0.3104915940498195,0.278,TEX,0.09117006344303824
27815,2024,Jordan Westburg,25,0.3591144765359538,0.30417049975845056,0.41261055604355446,0.3048907758266584,0.34,BAL,0.019114476535953773
29591,2024,Colton Cowser,24,0.28029404080743975,0.2255546101379366,0.3345079448878717,0.3004446801702383,0.331,BAL,0.05070595919256027
29617,2024,Henry Davis,24,0.34085445470147724,0.2854020087451778,0.395550319891014,0.30175741346351326,0.213,PIT,0.12785445470147724
29622,2024,Sal Frelick,24,0.25630343331310107,0.2017005893613235,0.3090557702152668,0.3048788512063063,0.292,MIL,0.03569656668689891
29715,2024,Hunter Goodman,24,0.3386619521271896,0.28400639654140725,0.3927895979919329,0.30239775562997195,0.274,COL,0.06466195212718956
29766,2024,Zack Gelof,24,0.34335530862231023,0.28812561762248934,0.39762989606058247,0.3130551447935921,0.276,OAK,0.0673553086223102
29931,2024,Jacob Young,24,0.2695391810487844,0.21519592444521313,0.3217302695015624,0.3034998523309474,0.29,WSN,0.020460818951215598
30011,2024,Christian Encarnacion-Strand,24,0.34307483697771396,0.2876861544001677,0.39706659111841847,0.31004322839084764,0.223,CIN,0.12007483697771396
30116,2024,Seiya Suzuki,29,0.3523198453417807,0.2975745537715727,0.4062686436729632,0.322422022411334,0.365,CHC,0.012680154658219311
31347,2024,Zach Neto,23,0.3225038140375476,0.2676960945992831,0.3762339075932506,0.3038585350620371,0.33,LAA,0.00749618596245244
31837,2024,Masataka Yoshida,30,0.30097596577423835,0.24630541496509356,0.35443134774666096,0.31395156760983933,0.336,BOS,0.03502403422576167
33189,2024,Nolan Schanuel,22,0.2559491789664439,0.20193527789947935,0.3092535645974622,0.3068328802870501,0.315,LAA,0.05905082103355608
